scenario	observed_only	observed_only	observed_only	predictions_only	predictions_only	predictions_only	pppca	pppca	pppca
1	4430.7485975786985	8.617058879573216	5	4596.473492547962	5.783436843817099	5	4393.713237969669	5.755935270714201	5
2	4434.540489893283	28.49140365606541	5	4593.285673049519	10.826157105091742	5	4432.672002419776	27.95776780050364	5
3	4201.482702162638	1.3079919457264586	5	4200.57655165881	1.0088353353730866	5	4200.687154593121	1.1181231240274738	5
4	4196.289376321769	0.9873894073752681	5	4196.983589985361	1.2518553832211792	5	4196.820871791027	1.2309347976357796	5
